Workbook

Sheet 00_Ringkasan
A1: SYSTEM REQUIREMENT SPECIFICATION & CHECKSHEET
A3: SPBU-GO | Contoh Modul: Login & Hak Akses
A5: Informasi Dokumen | B5: Nilai | D5: Tujuan & Navigasi | E5: Keterangan | F5: Status | G5: Owner | H5: Catatan
A6: Project | B6: SPBU-GO | D6: 01_SRS | E6: Ruang lingkup, aktor, aturan bisnis, dan NFR | F6: Siap review | G6: BA/PO | H6: Baseline kebutuhan
A7: Modul | B7: Login & Hak Akses | D7: 02_Requirements | E7: Daftar fitur dan acceptance criteria | F7: Siap review | G7: BA/PO | H7: Sumber utama requirement
A8: Kode Dokumen | B8: SRS-AUTH-001 | D8: 03_Process_Flow | E8: Alur utama dan exception | F8: Siap review | G8: BA/Dev | H8: Verifikasi end-to-end
A9: Versi | B9: 1 | D9: 04_Data_Model | E9: Entitas, atribut, relasi, dan aturan data | F9: Siap review | G9: Dev/DBA | H9: Dasar ERD
A10: Status Dokumen | B10: Draft untuk Review | D10: 05_Checksheet | E10: Checklist verifikasi requirement | F10: Belum diuji | G10: QA/UAT | H10: Isi hasil dan evidence
A11: Pemilik Dokumen | B11: Section Head / Product Owner | D11: 06_Traceability | E11: Keterlacakan requirement ke flow dan test | F11: Belum diuji | G11: BA/QA | H11: Pantau coverage
A12: Tanggal Dokumen | B12: 46282 | D12: 07_Panduan_Copy | E12: Cara menyalin kerangka untuk modul lain | F12: Tersedia | G12: Dokumen Owner | H12: Ikuti urutan langkah
A15: RINGKASAN KESIAPAN MODUL
A17: Metrik | B17: Nilai | D17: Gate Persetujuan | E17: PIC | F17: Status | G17: Tanggal | H17: Catatan
A18: Total Requirement | B18: =COUNTA('02_Requirements'!A5:A20) -> 16 | D18: Business Requirement | E18: Product Owner | F18: Open
A19: Requirement Approved | B19: =COUNTIF('02_Requirements'!H5:H20,"Approved") -> 0 | D19: Technical Design | E19: Tech Lead | F19: Open
A20: Item Checksheet Pass | B20: =COUNTIF('05_Checksheet'!G5:G26,"Pass") -> 0 | D20: Security Review | E20: Security/IT | F20: Open
A21: Coverage Traceability | B21: =IFERROR(COUNTIF('06_Traceability'!H5:H20,"Covered")/COUNTA('06_Traceability'!A5:A20),0) -> 1 | D21: QA Verification | E21: QA Lead | F21: Open
D22: UAT & Go-Live | E22: Business Owner | F22: Open

Sheet 01_SRS
A1: SRS — MODUL LOGIN & HAK AKSES
A4: 1. Tujuan | B4: Menjamin hanya pengguna sah yang dapat masuk ke SPBU-GO dan mengakses fungsi sesuai perannya. | C4: Owner | D4: Product Owner
A5: 2. Ruang Lingkup | B5: Login dengan username/password, validasi kredensial, pembatasan percobaan, logout, session timeout, reset password, dan role-based access. | C5: In Scope | D5: Web application internal
A6: Out of Scope | B6: Registrasi mandiri, social login, biometric login, dan integrasi SSO pada versi contoh ini. | C6: Dependensi | D6: User master, email service, audit log
A7: 3. Aktor | B7: User, Admin Sistem, Product Owner, QA, dan Security Reviewer. | C7: Primary Actor | D7: User
A8: 4. Pre-condition | B8: Akun aktif telah tersedia; role sudah terpasang; aplikasi dan database dapat diakses. | C8: Trigger | D8: User membuka halaman login
A9: 5. Post-condition | B9: Session aktif dibuat setelah login berhasil; aktivitas login/logout tercatat dalam audit log. | C9: Outcome | D9: Akses sesuai role
A10: 6. Asumsi | B10: Password disimpan dalam bentuk hash; email user valid; waktu server tersinkronisasi. | C10: Constraint | D10: Kebijakan keamanan perusahaan
A11: 7. Definisi Selesai | B11: Semua requirement prioritas Must lulus, tidak ada defect Critical/High terbuka, evidence tersedia, dan approval lengkap. | C11: Release Gate | D11: Pass
A14: ID | B14: Aturan Bisnis | C14: Parameter Contoh | D14: Verifikasi
A15: BR-AUTH-001 | B15: Akun nonaktif tidak dapat login. | C15: user_status = Active | D15: Negative test
A16: BR-AUTH-002 | B16: Akun dikunci setelah 5 login gagal berturut-turut. | C16: Max attempt = 5 | D16: Boundary test
A17: BR-AUTH-003 | B17: Durasi penguncian otomatis 15 menit atau dibuka Admin. | C17: Lock = 15 menit | D17: Time-based test
... A21: BR-AUTH-007 | B21: Menu dan aksi ditampilkan berdasarkan permission role aktif. | C21: RBAC | D21: Role matrix test
A24: ID | B24: Kategori NFR | C24: Kebutuhan | D24: Target | E24: Metode Ukur | F24: Priority | G24: Owner | H24: Status
A25: NFR-AUTH-001 | B25: Performance | C25: Respons login normal | D25: ≤ 2 detik pada persentil 95 | E25: Load test 100 concurrent users | F25: Must | G25: Tech Lead | H25: Draft
A26: NFR-AUTH-002 | B26: Availability | C26: Layanan autentikasi tersedia | D26: ≥ 99,5% per bulan | E26: Monitoring uptime | F26: Should | G26: Ops | H26: Draft
A27: NFR-AUTH-003 | B27: Security | C27: Password tidak disimpan sebagai plain text | D27: Hash kuat + salt | E27: Code/config review | F27: Must | G27: Security | H27: Draft
A28: NFR-AUTH-004 | B28: Auditability | C28: Login berhasil/gagal, logout, reset, dan lock tercatat | D28: 100% event wajib | E28: Audit log review | F28: Must | G28: Dev | H28: Draft
A29: NFR-AUTH-005 | B29: Usability | C29: Pesan gagal tidak mengungkap apakah username terdaftar | D29: Generic error message | E29: UI review | F29: Must | G29: UX/QA | H29: Draft
A30: NFR-AUTH-006 | B30: Compatibility | C30: Fungsi berjalan pada browser perusahaan yang didukung | D30: 2 versi mayor terakhir | E30: Cross-browser test | F30: Should | G30: QA | H30: Draft

Sheet 02_Requirements
A1: DAFTAR REQUIREMENT — LOGIN & HAK AKSES
A4: Req ID | B4: Kategori | C4: Fitur | D4: Deskripsi Requirement | E4: Priority | F4: Sumber | G4: Acceptance Criteria | H4: Status | I4: PIC | J4: Evidence/Link
A5: FR-AUTH-001 | B5: Functional | C5: Halaman Login | D5: Sistem menampilkan field username, password, tombol Login, dan tautan Lupa Password. | E5: Must | F5: Product Owner | G5: Semua komponen tampil dan dapat digunakan sesuai desain. | H5: Draft | I5: BA/Dev
A6: FR-AUTH-002 | B6: Functional | C6: Validasi Input | D6: Sistem menolak username atau password kosong. | E6: Must | F6: BR-AUTH | G6: Pesan validasi tampil; request autentikasi tidak dikirim. | H6: Draft | I6: Dev/QA
A7: FR-AUTH-003 | B7: Functional | C7: Autentikasi | D7: Sistem memvalidasi kredensial terhadap user aktif. | E7: Must | F7: Product Owner | G7: Kredensial valid masuk; invalid ditolak dengan pesan generik. | H7: Draft | I7: Dev/QA
A8: FR-AUTH-004 | B8: Security | C8: Failed Attempt | D8: Sistem menghitung percobaan login gagal per akun. | E8: Must | F8: BR-AUTH-002 | G8: Counter bertambah hanya pada kegagalan dan reset setelah login sukses. | H8: Draft | I8: Dev/QA
A9: FR-AUTH-005 | B9: Security | C9: Account Lock | D9: Sistem mengunci akun pada kegagalan kelima berturut-turut. | E9: Must | F9: BR-AUTH-002 | G9: Attempt 1–4 tidak lock; attempt 5 membuat status Locked. | H9: Draft | I9: Dev/QA
A10: FR-AUTH-006 | B10: Functional | C10: Session | D10: Sistem membuat session setelah login berhasil. | E10: Must | F10: Product Owner | G10: Session ID unik dibuat dan user diarahkan ke dashboard. | H10: Draft | I10: Dev/QA
A11: FR-AUTH-007 | B11: Security | C11: Session Timeout | D11: Sistem mengakhiri session setelah 30 menit tidak aktif. | E11: Must | F11: BR-AUTH-004 | G11: Setelah timeout, akses berikutnya kembali ke login. | H11: Draft | I11: Dev/QA
A12: FR-AUTH-008 | B12: Functional | C12: Logout | D12: User dapat mengakhiri session aktif. | E12: Must | F12: Product Owner | G12: Session invalid dan tombol Back tidak membuka halaman terproteksi. | H12: Draft | I12: Dev/QA
A13: FR-AUTH-009 | B13: Functional | C13: Lupa Password | D13: User dapat meminta link reset melalui email terdaftar. | E13: Should | F13: Product Owner | G13: Respons tetap generik; token dikirim untuk akun valid. | H13: Draft | I13: Dev/QA
A14: FR-AUTH-010 | B14: Security | C14: Reset Password | D14: Sistem memvalidasi token dan kebijakan password baru. | E14: Should | F14: BR-AUTH-005/006 | G14: Token valid hanya sekali; password lemah ditolak. | H14: Draft | I14: Dev/QA
A15: FR-AUTH-011 | B15: Authorization | C15: RBAC | D15: Sistem memuat menu dan permission sesuai role user. | E15: Must | F15: BR-AUTH-007 | G15: User hanya melihat dan menjalankan aksi yang diizinkan. | H15: Draft | I15: Dev/QA
A16: FR-AUTH-012 | B16: Audit | C16: Audit Login | D16: Sistem mencatat waktu, user, hasil, IP, dan device info untuk event autentikasi. | E16: Must | F16: NFR-AUTH-004 | G16: Setiap event wajib memiliki timestamp dan result. | H16: Draft | I16: Dev/QA
... A20: NFR-AUTH-005 | B20: Usability | C20: Secure Message | D20: Pesan error tidak membocorkan keberadaan akun. | E20: Must | F20: SRS NFR | G20: Username salah dan password salah menghasilkan pesan sama. | H20: Draft | I20: UX/QA

Sheet 03_Process_Flow
A1: PROCESS FLOW — LOGIN UTAMA & EXCEPTION
A4: Step | B4: Aktor | C4: Input/Trigger | D4: Proses Sistem | E4: Keputusan | F4: Output | G4: Exception/Recovery | H4: Req Ref | I4: Verified?
A5: 1 | B5: User | C5: Buka aplikasi | D5: Tampilkan halaman login | E5: — | F5: Form login tampil | G5: Service unavailable → tampilkan error | H5: FR-AUTH-001 | I5: Belum
A6: 2 | B6: User | C6: Username & password | D6: Validasi field wajib | E6: Field lengkap? | F6: Kirim request autentikasi | G6: Kosong → pesan validasi | H6: FR-AUTH-002 | I6: Belum
A7: 3 | B7: System | C7: Request autentikasi | D7: Cari user dan cek status | E7: Akun aktif? | F7: Lanjut cek password | G7: Tidak aktif/unknown → pesan generik | H7: FR-AUTH-003 | I7: Belum
A8: 4 | B8: System | C8: Password | D8: Verifikasi hash password | E8: Password cocok? | F8: Reset failed counter | G8: Tidak cocok → tambah counter | H8: FR-AUTH-003/004 | I8: Belum
A9: 5 | B9: System | C9: Failed counter | D9: Evaluasi jumlah kegagalan | E9: Counter ≥ 5? | F9: Kunci akun | G9: Belum 5 → kembali ke login | H9: FR-AUTH-005 | I9: Belum
A10: 6 | B10: System | C10: User valid | D10: Buat session unik | E10: Session berhasil? | F10: Catat login sukses | G10: Gagal → rollback dan pesan error | H10: FR-AUTH-006/012 | I10: Belum
A11: 7 | B11: System | C11: Role user | D11: Muat role dan permission | E11: Permission tersedia? | F11: Bentuk menu sesuai role | G11: Tidak ada role → deny access + log | H11: FR-AUTH-011 | I11: Belum
A12: 8 | B12: System | C12: Session aktif | D12: Arahkan ke dashboard | E12: — | F12: Dashboard tampil | G12: Route gagal → error page | H12: FR-AUTH-006 | I12: Belum
A13: 9 | B13: System | C13: Tidak aktif 30 menit | D13: Cek last activity | E13: Timeout? | F13: Invalidasi session | G13: Aktivitas ada → perpanjang session | H13: FR-AUTH-007 | I13: Belum
A14: 10 | B14: User | C14: Klik Logout | D14: Invalidasi session | E14: — | F14: Kembali ke login | G14: Log event gagal → retry async | H14: FR-AUTH-008/012 | I14: Belum
A15: 11 | B15: User | C15: Klik Lupa Password | D15: Terima identifier | E15: Akun eligible? | F15: Buat token + kirim email | G15: Selalu tampilkan respons generik | H15: FR-AUTH-009 | I15: Belum
A16: 12 | B16: User | C16: Token + password baru | D16: Validasi token dan complexity | E16: Valid? | F16: Ubah password + invalidasi token | G16: Expired/reused/lemah → ditolak | H16: FR-AUTH-010 | I16: Belum

Sheet 04_Data_Model
A1: DATA MODEL / ERD CHECK — MODUL LOGIN & HAK AKSES
A4: Entity | B4: Attribute | C4: Key | D4: Data Type | E4: Nullable | F4: Default | G4: Business Rule | H4: Req Ref | J4: Parent Entity | K4: Relationship | L4: Child Entity | M4: Cardinality | N4: Integrity Rule
A5: users | B5: user_id | C5: PK | D5: UUID | E5: No | F5: Generated | G5: Identifier unik user | H5: FR-AUTH-003 | J5: users | K5: has | L5: user_roles | M5: 1 : N | N5: Delete restricted if active role exists
A6: users | B6: username | C6: UK | D6: VARCHAR(100) | E6: No | F6: — | G6: Unik, case policy ditetapkan | H6: FR-AUTH-003 | J6: roles | K6: assigned through | L6: user_roles | M6: 1 : N | N6: Role must exist
A7: users | B7: email | C7: UK | D7: VARCHAR(255) | E7: No | F7: — | G7: Format email valid | H7: FR-AUTH-009 | J7: users | K7: owns | L7: sessions | M7: 1 : N | N7: Expired session can be purged
A8: users | B8: password_hash | C8: — | D8: VARCHAR(255) | E8: No | F8: — | G8: Tidak menyimpan plain text | H8: NFR-AUTH-003 | J8: users | K8: requests | L8: password_reset_tokens | M8: 1 : N | N8: Only latest valid token usable
A9: users | B9: status | C9: — | D9: VARCHAR(20) | E9: No | F9: Active | G9: Active/Inactive/Locked | H9: FR-AUTH-003/005 | J9: users | K9: generates | L9: audit_logs | M9: 1 : N | N9: Audit retained per policy
A10: users | B10: failed_attempts | C10: — | D10: INT | E10: No | F10: 0 | G10: 0–5, reset setelah sukses | H10: FR-AUTH-004 | J10: roles | K10: grants | L10: permissions | M10: N : M | N10: Implemented via role_permissions
A11: users | B11: locked_until | C11: — | D11: TIMESTAMP | E11: Yes | F11: NULL | G11: Isi saat temporary lock | H11: FR-AUTH-005
A12: roles | B12: role_id | C12: PK | D12: UUID | E12: No | F12: Generated | G12: Identifier unik role | H12: FR-AUTH-011
A13: roles | B13: role_name | C13: UK | D13: VARCHAR(100) | E13: No | F13: — | G13: Nama role unik | H13: FR-AUTH-011 | J13: ERD Verification | K13: Expected | L13: Status | M13: Reviewer | N13: Evidence
A14: user_roles | B14: user_id | C14: PK,FK | D14: UUID | E14: No | F14: — | G14: FK ke users | H14: FR-AUTH-011 | J14: Primary key defined for every entity | K14: Yes | L14: Belum | M14: DBA
A15: user_roles | B15: role_id | C15: PK,FK | D15: UUID | E15: No | F15: — | G15: FK ke roles | H15: FR-AUTH-011 | J15: Foreign key and cardinality match flow | K15: Yes | L15: Belum | M15: DBA/BA
A16: sessions | B16: session_id | C16: PK | D16: UUID | E16: No | F16: Generated | G16: Tidak mudah ditebak | H16: FR-AUTH-006 | J16: Unique constraints prevent duplicate identity | K16: Yes | L16: Belum | M16: DBA
A17: sessions | B17: user_id | C17: FK | D17: UUID | E17: No | F17: — | G17: FK ke users | H17: FR-AUTH-006 | J17: Sensitive values stored securely | K17: Yes | L17: Belum | M17: Security
A18: sessions | B18: expires_at | C18: — | D18: TIMESTAMP | E18: No | F18: — | G18: Sesuai timeout policy | H18: FR-AUTH-007 | J18: Index exists for username/email/token lookup | K18: Yes | L18: Belum | M18: DBA
A19: password_reset_tokens | B19: token_id | C19: PK | D19: UUID | E19: No | F19: Generated | G19: Identifier token | H19: FR-AUTH-010 | J19: Retention/purge rules documented | K19: Yes | L19: Belum | M19: Ops/Security
A20: password_reset_tokens | B20: user_id | C20: FK | D20: UUID | E20: No | F20: — | G20: FK ke users | H20: FR-AUTH-009 | J20: Migration and rollback script reviewed | K20: Yes | L20: Belum | M20: Tech Lead
A21: password_reset_tokens | B21: token_hash | C21: — | D21: VARCHAR(255) | E21: No | F21: — | G21: Token tidak disimpan plain text | H21: FR-AUTH-010
A22: password_reset_tokens | B22: expires_at | C22: — | D22: TIMESTAMP | E22: No | F22: — | G22: Maksimum 30 menit | H22: FR-AUTH-010
A23: audit_logs | B23: audit_id | C23: PK | D23: BIGINT | E23: No | F23: Generated | G23: Identifier event | H23: FR-AUTH-012
A24: audit_logs | B24: user_id | C24: FK | D24: UUID | E24: Yes | F24: NULL | G24: Boleh null untuk unknown user | H24: FR-AUTH-012
A25: audit_logs | B25: event_result | C25: — | D25: VARCHAR(30) | E25: No | F25: — | G25: Success/Fail/Locked/etc. | H25: FR-AUTH-012

Sheet 05_Checksheet
A1: CHECKSHEET VERIFIKASI — LOGIN & HAK AKSES
A4: Check ID | B4: Area | C4: Req Ref | D4: Item yang Diverifikasi | E4: Metode | F4: Expected Result | G4: Hasil | H4: Evidence | I4: Tester/Tanggal | J4: Catatan/Defect ID
A5: CHK-AUTH-001 | B5: Scope | C5: FR-AUTH-001 | D5: Komponen halaman login lengkap | E5: Review + Test | F5: Field dan aksi sesuai SRS | G5: Belum
A6: CHK-AUTH-002 | B6: Flow | C6: FR-AUTH-002 | D6: Validasi field kosong sebelum request | E6: Functional test | F6: Pesan tampil dan request tidak dikirim | G6: Belum
A7: CHK-AUTH-003 | B7: Functional | C7: FR-AUTH-003 | D7: Login dengan kredensial valid | E7: Positive test | F7: Masuk ke dashboard | G7: Belum
A8: CHK-AUTH-004 | B8: Security | C8: FR-AUTH-003 | D8: Login dengan kredensial invalid | E8: Negative test | F8: Ditolak dengan pesan generik | G8: Belum
A9: CHK-AUTH-005 | B9: Boundary | C9: FR-AUTH-004/005 | D9: Percobaan gagal ke-1 sampai ke-5 | E9: Boundary test | F9: Lock tepat pada percobaan ke-5 | G9: Belum
A10: CHK-AUTH-006 | B10: Recovery | C10: FR-AUTH-005 | D10: Akun terbuka setelah 15 menit/Admin unlock | E10: Time/Admin test | F10: User dapat mencoba login kembali | G10: Belum
A11: CHK-AUTH-007 | B11: Session | C11: FR-AUTH-006 | D11: Session unik dibuat setelah login | E11: API/DB test | F11: Session valid terkait user | G11: Belum
A12: CHK-AUTH-008 | B12: Security | C12: FR-AUTH-007 | D12: Idle timeout 30 menit | E12: Time-based test | F12: Session invalid dan redirect login | G12: Belum
A13: CHK-AUTH-009 | B13: Security | C13: FR-AUTH-008 | D13: Back browser setelah logout | E13: Security test | F13: Halaman terproteksi tidak tampil | G13: Belum
A14: CHK-AUTH-010 | B14: Recovery | C14: FR-AUTH-009 | D14: Request reset untuk email valid/invalid | E14: Positive/negative | F14: Respons sama; email hanya untuk akun valid | G14: Belum
A15: CHK-AUTH-011 | B15: Security | C15: FR-AUTH-010 | D15: Token expired dan token reuse | E15: Negative test | F15: Keduanya ditolak | G15: Belum
A16: CHK-AUTH-012 | B16: Validation | C16: FR-AUTH-010 | D16: Kebijakan kompleksitas password | E16: Boundary test | F16: Password lemah ditolak | G16: Belum
... A26: CHK-AUTH-022 | B26: Documentation | C26: ALL | D26: SRS, API, ERD, test evidence konsisten | E26: Document review | F26: Versi dan referensi sinkron | G26: Belum

Sheet 06_Traceability
A1: REQUIREMENT TRACEABILITY MATRIX
A4: Requirement ID | B4: Requirement Ringkas | C4: Flow Step | D4: Data Entity | E4: Check ID | F4: Req Status | G4: Check Result | H4: Coverage
A5: FR-AUTH-001 | B5: Halaman login | C5: 1 | D5: — | E5: CHK-AUTH-001 | F5: =_xlfn.IFNA(_xlfn.XLOOKUP(A5,'02_Requirements'!$A$5:$A$20,'02_Requirements'!$H$5:$H$20),"Missing") -> Draft | G5: =IF(COUNTIF('05_Checksheet'!$C$5:$C$26,"*"&A5&"*")=0,"No Check",IF(COUNTIFS('05_Checksheet'!$C$5:$C$26,"*"&A5&"*",'05_Checksheet'!$G$5:$G$26,"Fail")>0,"Fail",IF(COUNTIFS('05_Checksheet'!$C$5:$C$26,"*"&A5&"*",'05_Checksheet'!$G$5:$G$26,"Pass")=COUNTIF('05_Checksheet'!$C$5:$C$26,"*"&A5&"*"),"Pass","Belum"))) -> Belum | H5: =IF(AND(C5<>"",D5<>"",E5<>"",F5<>"Missing",G5<>"No Check"),"Covered","Gap") -> Covered
A6: FR-AUTH-002 | B6: Validasi input | C6: 2 | D6: — | E6: CHK-AUTH-002 | F6: =_xlfn.IFNA(_xlfn.XLOOKUP(A6,'02_Requirements'!$A$5:$A$20,'02_Requirements'!$H$5:$H$20),"Missing") -> Draft | G6: =IF(COUNTIF('05_Checksheet'!$C$5:$C$26,"*"&A6&"*")=0,"No Check",IF(COUNTIFS('05_Checksheet'!$C$5:$C$26,"*"&A6&"*",'05_Checksheet'!$G$5:$G$26,"Fail")>0,"Fail",IF(COUNTIFS('05_Checksheet'!$C$5:$C$26,"*"&A6&"*",'05_Checksheet'!$G$5:$G$26,"Pass")=COUNTIF('05_Checksheet'!$C$5:$C$26,"*"&A6&"*"),"Pass","Belum"))) -> Belum | H6: =IF(AND(C6<>"",D6<>"",E6<>"",F6<>"Missing",G6<>"No Check"),"Covered","Gap") -> Covered
A7: FR-AUTH-003 | B7: Autentikasi | C7: 3,4 | D7: users | E7: CHK-AUTH-003/004 | F7: =_xlfn.IFNA(_xlfn.XLOOKUP(A7,'02_Requirements'!$A$5:$A$20,'02_Requirements'!$H$5:$H$20),"Missing") -> Draft | G7: =IF(COUNTIF('05_Checksheet'!$C$5:$C$26,"*"&A7&"*")=0,"No Check",IF(COUNTIFS('05_Checksheet'!$C$5:$C$26,"*"&A7&"*",'05_Checksheet'!$G$5:$G$26,"Fail")>0,"Fail",IF(COUNTIFS('05_Checksheet'!$C$5:$C$26,"*"&A7&"*",'05_Checksheet'!$G$5:$G$26,"Pass")=COUNTIF('05_Checksheet'!$C$5:$C$26,"*"&A7&"*"),"Pass","Belum"))) -> Belum | H7: =IF(AND(C7<>"",D7<>"",E7<>"",F7<>"Missing",G7<>"No Check"),"Covered","Gap") -> Covered
A8: FR-AUTH-004 | B8: Failed attempt | C8: 4,5 | D8: users | E8: CHK-AUTH-005 | F8: =_xlfn.IFNA(_xlfn.XLOOKUP(A8,'02_Requirements'!$A$5:$A$20,'02_Requirements'!$H$5:$H$20),"Missing") -> Draft | G8: =IF(COUNTIF('05_Checksheet'!$C$5:$C$26,"*"&A8&"*")=0,"No Check",IF(COUNTIFS('05_Checksheet'!$C$5:$C$26,"*"&A8&"*",'05_Checksheet'!$G$5:$G$26,"Fail")>0,"Fail",IF(COUNTIFS('05_Checksheet'!$C$5:$C$26,"*"&A8&"*",'05_Checksheet'!$G$5:$G$26,"Pass")=COUNTIF('05_Checksheet'!$C$5:$C$26,"*"&A8&"*"),"Pass","Belum"))) -> Belum | H8: =IF(AND(C8<>"",D8<>"",E8<>"",F8<>"Missing",G8<>"No Check"),"Covered","Gap") -> Covered
A9: FR-AUTH-005 | B9: Account lock | C9: 5 | D9: users | E9: CHK-AUTH-005/006 | F9: =_xlfn.IFNA(_xlfn.XLOOKUP(A9,'02_Requirements'!$A$5:$A$20,'02_Requirements'!$H$5:$H$20),"Missing") -> Draft | G9: =IF(COUNTIF('05_Checksheet'!$C$5:$C$26,"*"&A9&"*")=0,"No Check",IF(COUNTIFS('05_Checksheet'!$C$5:$C$26,"*"&A9&"*",'05_Checksheet'!$G$5:$G$26,"Fail")>0,"Fail",IF(COUNTIFS('05_Checksheet'!$C$5:$C$26,"*"&A9&"*",'05_Checksheet'!$G$5:$G$26,"Pass")=COUNTIF('05_Checksheet'!$C$5:$C$26,"*"&A9&"*"),"Pass","Belum"))) -> Belum | H9: =IF(AND(C9<>"",D9<>"",E9<>"",F9<>"Missing",G9<>"No Check"),"Covered","Gap") -> Covered
A10: FR-AUTH-006 | B10: Session | C10: 6,8 | D10: sessions | E10: CHK-AUTH-007/020 | F10: =_xlfn.IFNA(_xlfn.XLOOKUP(A10,'02_Requirements'!$A$5:$A$20,'02_Requirements'!$H$5:$H$20),"Missing") -> Draft | G10: =IF(COUNTIF('05_Checksheet'!$C$5:$C$26,"*"&A10&"*")=0,"No Check",IF(COUNTIFS('05_Checksheet'!$C$5:$C$26,"*"&A10&"*",'05_Checksheet'!$G$5:$G$26,"Fail")>0,"Fail",IF(COUNTIFS('05_Checksheet'!$C$5:$C$26,"*"&A10&"*",'05_Checksheet'!$G$5:$G$26,"Pass")=COUNTIF('05_Checksheet'!$C$5:$C$26,"*"&A10&"*"),"Pass","Belum"))) -> Belum | H10: =IF(AND(C10<>"",D10<>"",E10<>"",F10<>"Missing",G10<>"No Check"),"Covered","Gap") -> Covered
A11: FR-AUTH-007 | B11: Session timeout | C11: 9 | D11: sessions | E11: CHK-AUTH-008 | F11: =_xlfn.IFNA(_xlfn.XLOOKUP(A11,'02_Requirements'!$A$5:$A$20,'02_Requirements'!$H$5:$H$20),"Missing") -> Draft | G11: =IF(COUNTIF('05_Checksheet'!$C$5:$C$26,"*"&A11&"*")=0,"No Check",IF(COUNTIFS('05_Checksheet'!$C$5:$C$26,"*"&A11&"*",'05_Checksheet'!$G$5:$G$26,"Fail")>0,"Fail",IF(COUNTIFS('05_Checksheet'!$C$5:$C$26,"*"&A11&"*",'05_Checksheet'!$G$5:$G$26,"Pass")=COUNTIF('05_Checksheet'!$C$5:$C$26,"*"&A11&"*"),"Pass","Belum"))) -> Belum | H11: =IF(AND(C11<>"",D11<>"",E11<>"",F11<>"Missing",G11<>"No Check"),"Covered","Gap") -> Covered
A12: FR-AUTH-008 | B12: Logout | C12: 10 | D12: sessions/audit_logs | E12: CHK-AUTH-009/015 | F12: =_xlfn.IFNA(_xlfn.XLOOKUP(A12,'02_Requirements'!$A$5:$A$20,'02_Requirements'!$H$5:$H$20),"Missing") -> Draft | G12: =IF(COUNTIF('05_Checksheet'!$C$5:$C$26,"*"&A12&"*")=0,"No Check",IF(COUNTIFS('05_Checksheet'!$C$5:$C$26,"*"&A12&"*",'05_Checksheet'!$G$5:$G$26,"Fail")>0,"Fail",IF(COUNTIFS('05_Checksheet'!$C$5:$C$26,"*"&A12&"*",'05_Checksheet'!$G$5:$G$26,"Pass")=COUNTIF('05_Checksheet'!$C$5:$C$26,"*"&A12&"*"),"Pass","Belum"))) -> Belum | H12: =IF(AND(C12<>"",D12<>"",E12<>"",F12<>"Missing",G12<>"No Check"),"Covered","Gap") -> Covered
A13: FR-AUTH-009 | B13: Lupa password | C13: 11 | D13: password_reset_tokens | E13: CHK-AUTH-010 | F13: =_xlfn.IFNA(_xlfn.XLOOKUP(A13,'02_Requirements'!$A$5:$A$20,'02_Requirements'!$H$5:$H$20),"Missing") -> Draft | G13: =IF(COUNTIF('05_Checksheet'!$C$5:$C$26,"*"&A13&"*")=0,"No Check",IF(COUNTIFS('05_Checksheet'!$C$5:$C$26,"*"&A13&"*",'05_Checksheet'!$G$5:$G$26,"Fail")>0,"Fail",IF(COUNTIFS('05_Checksheet'!$C$5:$C$26,"*"&A13&"*",'05_Checksheet'!$G$5:$G$26,"Pass")=COUNTIF('05_Checksheet'!$C$5:$C$26,"*"&A13&"*"),"Pass","Belum"))) -> Belum | H13: =IF(AND(C13<>"",D13<>"",E13<>"",F13<>"Missing",G13<>"No Check"),"Covered","Gap") -> Covered
A14: FR-AUTH-010 | B14: Reset password | C14: 12 | D14: users/password_reset_tokens | E14: CHK-AUTH-011/012 | F14: =_xlfn.IFNA(_xlfn.XLOOKUP(A14,'02_Requirements'!$A$5:$A$20,'02_Requirements'!$H$5:$H$20),"Missing") -> Draft | G14: =IF(COUNTIF('05_Checksheet'!$C$5:$C$26,"*"&A14&"*")=0,"No Check",IF(COUNTIFS('05_Checksheet'!$C$5:$C$26,"*"&A14&"*",'05_Checksheet'!$G$5:$G$26,"Fail")>0,"Fail",IF(COUNTIFS('05_Checksheet'!$C$5:$C$26,"*"&A14&"*",'05_Checksheet'!$G$5:$G$26,"Pass")=COUNTIF('05_Checksheet'!$C$5:$C$26,"*"&A14&"*"),"Pass","Belum"))) -> Belum | H14: =IF(AND(C14<>"",D14<>"",E14<>"",F14<>"Missing",G14<>"No Check"),"Covered","Gap") -> Covered
A15: FR-AUTH-011 | B15: RBAC | C15: 7 | D15: roles/user_roles | E15: CHK-AUTH-013/014 | F15: =_xlfn.IFNA(_xlfn.XLOOKUP(A15,'02_Requirements'!$A$5:$A$20,'02_Requirements'!$H$5:$H$20),"Missing") -> Draft | G15: =IF(COUNTIF('05_Checksheet'!$C$5:$C$26,"*"&A15&"*")=0,"No Check",IF(COUNTIFS('05_Checksheet'!$C$5:$C$26,"*"&A15&"*",'05_Checksheet'!$G$5:$G$26,"Fail")>0,"Fail",IF(COUNTIFS('05_Checksheet'!$C$5:$C$26,"*"&A15&"*",'05_Checksheet'!$G$5:$G$26,"Pass")=COUNTIF('05_Checksheet'!$C$5:$C$26,"*"&A15&"*"),"Pass","Belum"))) -> Belum | H15: =IF(AND(C15<>"",D15<>"",E15<>"",F15<>"Missing",G15<>"No Check"),"Covered","Gap") -> Covered
A16: FR-AUTH-012 | B16: Audit login | C16: 6,10 | D16: audit_logs | E16: CHK-AUTH-015 | F16: =_xlfn.IFNA(_xlfn.XLOOKUP(A16,'02_Requirements'!$A$5:$A$20,'02_Requirements'!$H$5:$H$20),"Missing") -> Draft | G16: =IF(COUNTIF('05_Checksheet'!$C$5:$C$26,"*"&A16&"*")=0,"No Check",IF(COUNTIFS('05_Checksheet'!$C$5:$C$26,"*"&A16&"*",'05_Checksheet'!$G$5:$G$26,"Fail")>0,"Fail",IF(COUNTIFS('05_Checksheet'!$C$5:$C$26,"*"&A16&"*",'05_Checksheet'!$G$5:$G$26,"Pass")=COUNTIF('05_Checksheet'!$C$5:$C$26,"*"&A16&"*"),"Pass","Belum"))) -> Belum | H16: =IF(AND(C16<>"",D16<>"",E16<>"",F16<>"Missing",G16<>"No Check"),"Covered","Gap") -> Covered
A17: NFR-AUTH-001 | B17: Performance | C17: 2–8 | D17: — | E17: CHK-AUTH-017 | F17: =_xlfn.IFNA(_xlfn.XLOOKUP(A17,'02_Requirements'!$A$5:$A$20,'02_Requirements'!$H$5:$H$20),"Missing") -> Draft | G17: =IF(COUNTIF('05_Checksheet'!$C$5:$C$26,"*"&A17&"*")=0,"No Check",IF(COUNTIFS('05_Checksheet'!$C$5:$C$26,"*"&A17&"*",'05_Checksheet'!$G$5:$G$26,"Fail")>0,"Fail",IF(COUNTIFS('05_Checksheet'!$C$5:$C$26,"*"&A17&"*",'05_Checksheet'!$G$5:$G$26,"Pass")=COUNTIF('05_Checksheet'!$C$5:$C$26,"*"&A17&"*"),"Pass","Belum"))) -> Belum | H17: =IF(AND(C17<>"",D17<>"",E17<>"",F17<>"Missing",G17<>"No Check"),"Covered","Gap") -> Covered
A18: NFR-AUTH-003 | B18: Password storage | C18: 3,4,12 | D18: users/password_reset_tokens | E18: CHK-AUTH-016 | F18: =_xlfn.IFNA(_xlfn.XLOOKUP(A18,'02_Requirements'!$A$5:$A$20,'02_Requirements'!$H$5:$H$20),"Missing") -> Draft | G18: =IF(COUNTIF('05_Checksheet'!$C$5:$C$26,"*"&A18&"*")=0,"No Check",IF(COUNTIFS('05_Checksheet'!$C$5:$C$26,"*"&A18&"*",'05_Checksheet'!$G$5:$G$26,"Fail")>0,"Fail",IF(COUNTIFS('05_Checksheet'!$C$5:$C$26,"*"&A18&"*",'05_Checksheet'!$G$5:$G$26,"Pass")=COUNTIF('05_Checksheet'!$C$5:$C$26,"*"&A18&"*"),"Pass","Belum"))) -> Belum | H18: =IF(AND(C18<>"",D18<>"",E18<>"",F18<>"Missing",G18<>"No Check"),"Covered","Gap") -> Covered
A19: NFR-AUTH-004 | B19: Event coverage | C19: 5,6,10 | D19: audit_logs | E19: CHK-AUTH-015 | F19: =_xlfn.IFNA(_xlfn.XLOOKUP(A19,'02_Requirements'!$A$5:$A$20,'02_Requirements'!$H$5:$H$20),"Missing") -> Draft | G19: =IF(COUNTIF('05_Checksheet'!$C$5:$C$26,"*"&A19&"*")=0,"No Check",IF(COUNTIFS('05_Checksheet'!$C$5:$C$26,"*"&A19&"*",'05_Checksheet'!$G$5:$G$26,"Fail")>0,"Fail",IF(COUNTIFS('05_Checksheet'!$C$5:$C$26,"*"&A19&"*",'05_Checksheet'!$G$5:$G$26,"Pass")=COUNTIF('05_Checksheet'!$C$5:$C$26,"*"&A19&"*"),"Pass","Belum"))) -> Belum | H19: =IF(AND(C19<>"",D19<>"",E19<>"",F19<>"Missing",G19<>"No Check"),"Covered","Gap") -> Covered
A20: NFR-AUTH-005 | B20: Secure message | C20: 3,4,11 | D20: — | E20: CHK-AUTH-004/010/018 | F20: =_xlfn.IFNA(_xlfn.XLOOKUP(A20,'02_Requirements'!$A$5:$A$20,'02_Requirements'!$H$5:$H$20),"Missing") -> Draft | G20: =IF(COUNTIF('05_Checksheet'!$C$5:$C$26,"*"&A20&"*")=0,"No Check",IF(COUNTIFS('05_Checksheet'!$C$5:$C$26,"*"&A20&"*",'05_Checksheet'!$G$5:$G$26,"Fail")>0,"Fail",IF(COUNTIFS('05_Checksheet'!$C$5:$C$26,"*"&A20&"*",'05_Checksheet'!$G$5:$G$26,"Pass")=COUNTIF('05_Checksheet'!$C$5:$C$26,"*"&A20&"*"),"Pass","Belum"))) -> Belum | H20: =IF(AND(C20<>"",D20<>"",E20<>"",F20<>"Missing",G20<>"No Check"),"Covered","Gap") -> Covered

Sheet 07_Panduan_Copy
A1: PANDUAN MENYALIN KERANGKA UNTUK MODUL LAIN
A4: Langkah | B4: Yang Diubah | C4: Lokasi | D4: Output Minimum | E4: Owner | F4: Quality Gate
A5: 1 | B5: Duplikat sheet 01–06 | C5: Tab sheet | D5: Satu set dokumen per modul | E5: Document Owner | F5: Nama/kode modul unik
A6: 2 | B6: Ubah metadata modul | C6: 00_Ringkasan | D6: Project, modul, kode, versi, owner | E6: PO/BA | F6: Versi terkontrol
A7: 3 | B7: Definisikan scope dan aktor | C7: 01_SRS | D7: In/out scope, pre/post condition | E7: PO/BA | F7: Disetujui business
A8: 4 | B8: Tulis aturan bisnis & NFR | C8: 01_SRS | D8: Rule terukur dan testable | E8: BA/Architect | F8: Tidak ambigu
A9: 5 | B9: Daftar semua requirement | C9: 02_Requirements | D9: ID unik dan acceptance criteria | E9: BA | F9: Semua fitur ter-cover
A10: 6 | B10: Petakan happy path dan exception | C10: 03_Process_Flow | D10: Step, decision, output, recovery | E10: BA/Dev | F10: Flow end-to-end
A11: 7 | B11: Perbarui ERD/model data | C11: 04_Data_Model | D11: Entity, field, key, relasi, aturan | E11: Dev/DBA | F11: Integritas dan security
A12: 8 | B12: Turunkan item verifikasi | C12: 05_Checksheet | D12: Positive, negative, boundary, security | E12: QA | F12: Evidence diwajibkan
A13: 9 | B13: Hubungkan semua artefak | C13: 06_Traceability | D13: Req → flow → entity → check | E13: BA/QA | F13: Coverage 100%
A14: 10 | B14: Review dan approval | C14: 00_Ringkasan | D14: Business, technical, security, QA, UAT | E14: Semua PIC | F14: Tidak ada Must gagal
A17: Konvensi ID | B17: Pola | C17: Contoh | D17: Wajib? | E17: Catatan | F17: Owner
A18: Functional Requirement | B18: FR-[MODUL]-### | C18: FR-ORDER-001 | D18: Ya | E18: Satu kebutuhan atomik per ID | F18: BA
A19: Non-functional Requirement | B19: NFR-[MODUL]-### | C19: NFR-ORDER-001 | D19: Ya | E19: Target harus terukur | F19: Architect
A20: Business Rule | B20: BR-[MODUL]-### | C20: BR-ORDER-001 | D20: Ya | E20: Referensikan dari requirement | F20: BA
A21: Checksheet | B21: CHK-[MODUL]-### | C21: CHK-ORDER-001 | D21: Ya | E21: Minimal satu check per requirement | F21: QA
A22: Defect | B22: DEF-[MODUL]-### | C22: DEF-ORDER-001 | D22: Jika gagal | E22: Tulis pada kolom catatan | F22: QA
